{
  "seed": 42,
  "agent": "baseline_lidar",
  "actions": [
    -0.9726043951444037,
    -0.6900687060047724,
    -0.4394841024315605,
    -0.13907140420830996,
    0.11919072379882685,
    0.41378198456971893,
    0.6038527165561152,
    0.8167561351654583,
    0.9645325495345727,
    0.0480647840944599,
    -0.6961030896981346,
    -0.32913891589100697,
    0.6971863603480727,
    0.7133218294825755,
    0.6791068249455652,
    0.3438210514951108,
    -0.9950771120897065,
    0.32908264216969535,
    1.0,
    -0.9883687563786949,
    0.916944512413005,
    0.9874838700821024,
    -0.4331933965126896,
    -0.4398676673664693,
    -0.44972117112756055,
    0.4479211229089153,
    0.576139992248313,
    -0.09061848055080554,
    0.02384498567220484,
    0.17313680856262484,
    1.0,
    -0.013752160815126493,
    0.03818101601984951,
    -1.0,
    -0.6866214933314305,
    -0.4982762533084478,
    0.44437922726244444,
    -0.37041208203872333,
    -0.39077454293433456,
    -0.14393757009151753,
    0.047463039359471604,
    0.07999059122718832,
    1.0,
    0.9834257018243598,
    0.5027129436011971,
    0.500301617964501,
    0.5693156233962322,
    0.6661856590397135,
    -0.9846927258602441,
    -1.0,
    -0.7093842921699923,
    -0.7255372741841467,
    -0.6600905104999544,
    -0.9861432408142586,
    -0.9827546503389416,
    -0.9764060787027333,
    -0.2665680066371587,
    -0.3627205216310503,
    -0.6084165224785155,
    -0.6105027941326222,
    -0.14402254379811189,
    -0.1602755229486696,
    0.5842544221282167,
    0.07373519935971828,
    0.06335542526663654,
    -0.36418206068470954,
    0.7939414016157647,
    0.14310524698602,
    -1.0,
    -0.7942472798438475,
    -0.8110024738279427,
    -0.6911103051618772,
    0.18455448571761884,
    0.7694033251019562,
    0.9666933034737996,
    0.2472134702879436,
    0.45862830544107464,
    0.5907576460083981,
    -0.9958382181853404,
    -0.6635141403668607,
    -0.672232957003186,
    0.15107173563940016,
    0.1807809420471532,
    0.5546779855394945,
    -0.7155161373769723,
    -1.0,
    -0.9854232565603612,
    -1.0,
    -0.4958555012129849,
    -0.2630895805329803,
    -0.18061697577619676,
    -0.03983341345469514,
    0.15438316508039657,
    0.46521747276736614,
    0.7753499989430122,
    0.7987445936101722,
    0.8849033322616402,
    -0.08190528535186947,
    -0.07974662220561873,
    -0.019928217831988608,
    0.08152524214584103,
    0.06675402747571876,
    0.352869285412414,
    -0.4425164045510669,
    -0.3499048613889532,
    -0.35394954455805755,
    -0.47706170399004105,
    0.14227510487463849,
    0.656529510688095,
    0.3959923421706665,
    0.15486873106818577,
    0.1375284702821475,
    0.1446164173442782,
    0.16331567981137293,
    0.13577445446171382,
    -0.554422817994444,
    -0.5613224520147094,
    -0.03533220543430148,
    0.6788576625332869,
    0.6942454352922578,
    -0.6775818466608047,
    -0.6724008255321775,
    -0.6116975896789629,
    -0.5855826415395438,
    -0.6148645324537783,
    0.6837486609324852,
    0.8816602184913185,
    0.8674157906391237,
    0.9696478130981562,
    -0.3624863821256283,
    -0.3907255238420408,
    -0.12911143213726473,
    0.3739095038435115,
    0.35679505372261533,
    0.3753234445935406,
    0.647981487986906,
    0.297415272185761,
    0.3670991589632433,
    0.3895406935223453,
    0.33725423765815343,
    0.5779508524819107,
    0.5782532781293885,
    0.9274428923074939,
    0.26851777744550803,
    0.3664401337155945,
    0.8778938877916423,
    0.25098362478806485,
    0.2646521038456813,
    0.25874239277640576,
    0.22857977271567576,
    0.2867422055381821,
    0.29179224957451383,
    -0.49968650520149177,
    0.4775906914240292,
    -0.0809286151356983,
    0.6966621220174994,
    0.773658600389164,
    -0.04110656599859949,
    -0.036221643688985325,
    -0.034000517974386475,
    -0.7115057293777043,
    -0.6552627704358315,
    0.9812274257912738,
    -0.19007946770785408,
    -0.36460547168733154,
    -0.37739871151197263,
    -0.24022336264747085,
    -0.6627739013519294,
    -0.6969271427506756,
    -0.02228751983389949,
    -0.38242842874365496,
    -0.26215663702908787,
    -0.27938078540543765,
    -0.9710183059360241,
    -0.8117649136637253,
    -0.2923754937380447,
    -0.1620617331855786,
    -0.1262842995041804,
    -0.23800608287457206,
    -0.3511100205785519,
    -0.6568917657571279,
    0.8169808023318702,
    0.7907920814916133,
    0.8818689108266721,
    0.9137509942892531,
    0.9059591797260294,
    0.9912295347981106,
    0.34026907943200496,
    0.8065911859390199,
    0.9836688610183405,
    -0.7598390038786161,
    -1.0,
    -0.6038128691134673,
    0.07315740408010896,
    0.03113912466079169,
    0.5590657770891515,
    -0.9938413264569648,
    -0.13468332755561255,
    -0.07081481880007473,
    -0.0639914517067609,
    0.595566294447941,
    1.0,
    1.0,
    -1.0,
    0.23383357076943556,
    -1.0,
    -1.0,
    0.9054569315215442,
    0.8719178235321109,
    1.0,
    -0.4620308115553734,
    -0.46881826126652937,
    -0.4916936377675904,
    1.0,
    -0.14468766367820146,
    -0.6695595339935793,
    -0.17899131397383736,
    -0.07491859325974853,
    -0.9746754791173182,
    0.8890071218495813,
    -0.3796048206096216,
    0.3677796267253372,
    0.4828352116856084,
    0.604548234522674,
    0.5669478705915917,
    -0.13402519600627427,
    0.13119332678266543,
    0.5820492217413317,
    0.16519442858732553,
    -0.28462252775248825,
    -0.28274744021705767,
    -0.37282667024247124,
    -0.23773660118340956,
    0.0578685367188977,
    0.18090430140600913,
    0.4898678164987687,
    0.4719495317198961,
    0.3833998483391552,
    -1.0,
    0.767132201692352,
    0.9135671198368995,
    0.7011767057873827,
    0.7742216078079851,
    0.7912282760204229,
    0.9007814398384187,
    1.0,
    0.26903558216765683,
    0.25817508890200414,
    0.25598837334304453,
    0.3641973622740697,
    1.0,
    0.38936523436132925,
    0.6815828342518098,
    0.3540826916747478,
    0.3534487396027738,
    0.5925548535213585,
    0.8069780783325712,
    0.9781821591061394,
    0.9760308338308056,
    1.0,
    0.875184543372523,
    0.8074210016379776,
    0.8842523955504958,
    0.8750514877900115,
    0.39107894896254725,
    0.3504202702853579,
    0.35683491606097945,
    0.3497789346687475,
    0.5585519114207907,
    -0.3938200329587688,
    -1.0,
    -0.280411010499772,
    -0.28683928725508967,
    -0.15306197983923875,
    -0.043045678907983345,
    -0.05827379588775457,
    -1.0,
    -0.9997599099719274,
    0.5988297092941096,
    -0.45506952940662154
  ],