{
  "seed": 42,
  "agent": "baseline_lidar",
  "actions": [
    -0.9726043951444037,
    -0.5847317289832733,
    -0.22922128242579257,
    -0.03395327125824739,
    -1.0,
    -0.5352872469683554,
    -0.23918637391620695,
    -0.026372084899847617,
    -0.2972954913155419,
    -0.5835014600551506,
    0.5675737204155017,
    -0.015136389799643261,
    -0.03987010682229969,
    0.607575729846068,
    -0.584082247737966,
    -0.6032381562287239,
    0.16275623111899273,
    0.11904700452566924,
    0.08166678468915689,
    -0.9883361367613186,
    0.38996281376268427,
    0.14575391200119656,
    -0.9604937856489414,
    0.19062493515697707,
    0.2863123115891304,
    0.659206792399094,
    0.7867487324469276,
    -0.5110058109542622,
    -0.396592350633966,
    -0.24814376114423756,
    -0.7693985774893639,
    -0.9616567642090564,
    -0.27728784398304124,
    -0.379045383845967,
    -0.2656547983375939,
    -0.07809977940141766,
    -0.8198258567945123,
    -0.475610872899616,
    0.5565483805514937,
    -0.35449294959154254,
    -0.3735758380807037,
    -0.341134855031128,
    -0.24673220098190668,
    -1.0,
    0.07988343465277109,
    0.7098766809266358,
    0.7799975227870026,
    0.9821736026938221,
    0.5943169259504624,
    0.7591340770943883,
    0.7642003140071035,
    0.7479843741505513,
    0.8136380643909663,
    -0.6705957232037968,
    -0.45678813461961004,
    -0.4505660574848914,
    0.8915500090826862,
    -0.9946716230895167,
    -1.0,
    -0.8192387949568957,
    0.17089799729885594,
    0.15566300789693416,
    0.2680796286642829,
    0.9147291085476018,
    0.2733210341578306,
    -0.9959588763528171,
    -0.4694069831883086,
    0.459531196013789,
    0.43981855935200204,
    0.5743797817768435,
    0.9793996871345783,
    0.9934002971249202,
    -0.9749104932156383,
    -0.7030947064401218,
    0.23181970265347768,
    -1.0,
    -0.38281469587663797,
    -0.14660258157074058,
    0.05652074908790204,
    -0.13833817729000603,
    -0.4623620681951526,
    -0.2696191938138356,
    -0.030952396633500273,
    -0.7071485554533886,
    -1.0,
    -0.2911769905558671,
    0.8046706852214192,
    0.8921314890548326,
    0.2419232067162065,
    0.05269979481834068,
    -0.18056746554929065,
    -0.2503526643994143,
    -1.0,
    0.6771143068185271,
    0.6723831049572044,
    -0.46594608712381086,
    -0.48188973870241036,
    0.6572645561645157,
    -0.1828608023713695,
    0.08284302364568566,
    0.18462123578668543,
    -0.9869362302701163,
    0.6698395731681056,
    0.7130756475215426,
    0.9118854335904474,
    0.6975558539825976,
    0.9968856573290519,
    -0.066637882790075,
    0.23788168994257824,
    -0.027679576990592463,
    -0.05536864645055804,
    -0.07104585189295617,
    -0.4856878756494277,
    -0.2582578823123233,
    0.13790327332921393,
    -0.24277876141098506,
    0.6989816161614656,
    -0.9874661004683623,
    -0.5827698030920065,
    -0.5717765047820665,
    0.8994683894683981,
    0.3761249743367476,
    -0.38975842015952444,
    -0.2674790790114905,
    0.02911500851691591,
    0.47338164318045156,
    -1.0,
    -0.7021091693369657,
    0.45372538675470253
  ],
  "scores": [
    0,
    0,
    0,
    10,
    10,
    10,
    10,
    10,
    10,
    10,
    16,
    41,
    41,
    75,
    96,
    96,
    96,
    117,
    120,
    120,
    120,
    151,
    151,
    151,
    151,
    151,
    151,
    197,
    197,
    197,
    197,
    222,
    271,
    277,
    277,
    283,
    283,
    357,
    357,
    357,
    360,
    360,
    360,
    363,
    482,
    482,
    482,
    534,
    534,
    537,
    543,
    543,
    553,
    553,
    553,
    553,
    553,
    563,
    563,
    563,
    563,
    584,
    599,
    599,
    599,
    599,
    599,
    599,
    599,
    602,
    608,
    660,
    660,
    660,
    660,
    660,
    660,
    660,
    675,
    675,
    675,
    684,
    684,
    699,
    699,
    699,
    699,
    699,
    724,
    724,
    740,
    761,
    761,
    761,
    761,
    761,
    887,
    893,
    893,
    893,
    893,
    893,
    918,
    918,
    918,
    918,
    918,
    964,
    974,
    974,
    977,
    977,
    977,
    977,
    977,
    977,
    977,
    977,
    987,
    987,
    987,
    987,
    987,
    987,
    987,
    993,
    993,
    993,
    1014
  ],
  "final_score": 1014
}